,secID,ticker,exchangeCD,secShortName,tradeDate,contractObject,contractMark,preSettlePrice,preClosePrice,openPrice,highestPrice,lowestPrice,closePrice,settlePrice,turnoverVol,turnoverValue,openInt,CHG,CHG1,CHGPct,mainCon,smainCon
0,HC1704.XSGE,hc1704,XSGE,»¦ÈÈÔþ¾í°å1704,2016-04-18,HC,,2427,,,,,2446,2446,0,0,0,19,19,0.00782859,0,0
1,HC1704.XSGE,hc1704,XSGE,»¦ÈÈÔþ¾í°å1704,2016-04-19,HC,,2446,2446.0,2446.0,2666.0,2446.0,2665,2567,28,718840,6,219,121,0.08953393,0,0
2,HC1704.XSGE,hc1704,XSGE,»¦ÈÈÔþ¾í°å1704,2016-04-20,HC,,2567,2665.0,2666.0,2666.0,2666.0,2666,2666,2,53320,4,99,99,0.03856642,0,0
3,HC1704.XSGE,hc1704,XSGE,»¦ÈÈÔþ¾í°å1704,2016-04-21,HC,,2666,2666.0,,,,2758,2758,0,0,4,92,92,0.03450863,0,0
4,HC1704.XSGE,hc1704,XSGE,»¦ÈÈÔþ¾í°å1704,2016-04-22,HC,,2758,2758.0,,,,2758,2758,0,0,4,0,0,0.0,0,0
5,HC1704.XSGE,hc1704,XSGE,»¦ÈÈÔþ¾í°å1704,2016-04-25,HC,,2758,2758.0,,,,2758,2758,0,0,4,0,0,0.0,0,0
6,HC1704.XSGE,hc1704,XSGE,»¦ÈÈÔþ¾í°å1704,2016-04-26,HC,,2758,2758.0,,,,2646,2646,0,0,4,-112,-112,-0.04060914,0,0
7,HC1704.XSGE,hc1704,XSGE,»¦ÈÈÔþ¾í°å1704,2016-04-27,HC,,2646,2646.0,,,,2646,2646,0,0,4,0,0,0.0,0,0
8,HC1704.XSGE,hc1704,XSGE,»¦ÈÈÔþ¾í°å1704,2016-04-28,HC,,2646,2646.0,,,,2646,2646,0,0,4,0,0,0.0,0,0
9,HC1704.XSGE,hc1704,XSGE,»¦ÈÈÔþ¾í°å1704,2016-04-29,HC,,2646,2646.0,,,,2646,2646,0,0,4,0,0,0.0,0,0
10,HC1704.XSGE,hc1704,XSGE,»¦ÈÈÔþ¾í°å1704,2016-05-03,HC,,2646,2646.0,,,,2522,2522,0,0,4,-124,-124,-0.04686319,0,0
11,HC1704.XSGE,hc1704,XSGE,»¦ÈÈÔþ¾í°å1704,2016-05-04,HC,,2522,2522.0,,,,2522,2522,0,0,4,0,0,0.0,0,0
12,HC1704.XSGE,hc1704,XSGE,»¦ÈÈÔþ¾í°å1704,2016-05-05,HC,,2522,2522.0,,,,2478,2478,0,0,4,-44,-44,-0.01744647,0,0
13,HC1704.XSGE,hc1704,XSGE,»¦ÈÈÔþ¾í°å1704,2016-05-06,HC,,2478,2478.0,,,,2478,2478,0,0,4,0,0,0.0,0,0
14,HC1704.XSGE,hc1704,XSGE,»¦ÈÈÔþ¾í°å1704,2016-05-09,HC,,2478,2478.0,2329.0,2361.0,2329.0,2361,2345,4,93800,6,-117,-133,-0.0472155,0,0
15,HC1704.XSGE,hc1704,XSGE,»¦ÈÈÔþ¾í°å1704,2016-05-10,HC,,2345,2361.0,,,,2345,2345,0,0,6,0,0,0.0,0,0
16,HC1704.XSGE,hc1704,XSGE,»¦ÈÈÔþ¾í°å1704,2016-05-11,HC,,2345,2345.0,,,,2345,2345,0,0,6,0,0,0.0,0,0
17,HC1704.XSGE,hc1704,XSGE,»¦ÈÈÔþ¾í°å1704,2016-05-12,HC,,2345,2345.0,2290.0,2290.0,2290.0,2290,2290,2,45800,8,-55,-55,-0.02345416,0,0
18,HC1704.XSGE,hc1704,XSGE,»¦ÈÈÔþ¾í°å1704,2016-05-13,HC,,2290,2290.0,,,,2275,2275,0,0,8,-15,-15,-0.00655022,0,0
19,HC1704.XSGE,hc1704,XSGE,»¦ÈÈÔþ¾í°å1704,2016-05-16,HC,,2275,2275.0,,,,2275,2275,0,0,8,0,0,0.0,0,0
20,HC1704.XSGE,hc1704,XSGE,»¦ÈÈÔþ¾í°å1704,2016-05-17,HC,,2275,2275.0,,,,2275,2275,0,0,8,0,0,0.0,0,0
21,HC1704.XSGE,hc1704,XSGE,»¦ÈÈÔþ¾í°å1704,2016-05-18,HC,,2275,2275.0,,,,2275,2275,0,0,8,0,0,0.0,0,0
22,HC1704.XSGE,hc1704,XSGE,»¦ÈÈÔþ¾í°å1704,2016-05-19,HC,,2275,2275.0,,,,2235,2235,0,0,8,-40,-40,-0.01758242,0,0
23,HC1704.XSGE,hc1704,XSGE,»¦ÈÈÔþ¾í°å1704,2016-05-20,HC,,2235,2235.0,,,,2238,2238,0,0,8,3,3,0.00134228,0,0
24,HC1704.XSGE,hc1704,XSGE,»¦ÈÈÔþ¾í°å1704,2016-05-23,HC,,2238,2238.0,,,,2144,2144,0,0,8,-94,-94,-0.04200179,0,0
25,HC1704.XSGE,hc1704,XSGE,»¦ÈÈÔþ¾í°å1704,2016-05-24,HC,,2144,2144.0,,,,2131,2131,0,0,8,-13,-13,-0.00606343,0,0
26,HC1704.XSGE,hc1704,XSGE,»¦ÈÈÔþ¾í°å1704,2016-05-25,HC,,2131,2131.0,,,,2133,2133,0,0,8,2,2,0.00093853,0,0
27,HC1704.XSGE,hc1704,XSGE,»¦ÈÈÔþ¾í°å1704,2016-05-26,HC,,2133,2133.0,,,,2134,2134,0,0,8,1,1,0.00046882,0,0
28,HC1704.XSGE,hc1704,XSGE,»¦ÈÈÔþ¾í°å1704,2016-05-27,HC,,2134,2134.0,2262.0,2262.0,2262.0,2262,2262,4,90480,8,128,128,0.05998126,0,0
29,HC1704.XSGE,hc1704,XSGE,»¦ÈÈÔþ¾í°å1704,2016-05-30,HC,,2262,2262.0,2228.0,2229.0,2228.0,2229,2228,4,89140,8,-33,-34,-0.01458886,0,0
30,HC1704.XSGE,hc1704,XSGE,»¦ÈÈÔþ¾í°å1704,2016-05-31,HC,,2228,2229.0,,,,2228,2228,0,0,8,0,0,0.0,0,0
31,HC1704.XSGE,hc1704,XSGE,»¦ÈÈÔþ¾í°å1704,2016-06-01,HC,,2228,2228.0,,,,2228,2228,0,0,8,0,0,0.0,0,0
32,HC1704.XSGE,hc1704,XSGE,»¦ÈÈÔþ¾í°å1704,2016-06-02,HC,,2228,2228.0,,,,2228,2228,0,0,8,0,0,0.0,0,0
33,HC1704.XSGE,hc1704,XSGE,»¦ÈÈÔþ¾í°å1704,2016-06-03,HC,,2228,2228.0,,,,2235,2235,0,0,8,7,7,0.00314183,0,0
34,HC1704.XSGE,hc1704,XSGE,»¦ÈÈÔþ¾í°å1704,2016-06-06,HC,,2235,2235.0,,,,2235,2235,0,0,8,0,0,0.0,0,0
35,HC1704.XSGE,hc1704,XSGE,»¦ÈÈÔþ¾í°å1704,2016-06-07,HC,,2235,2235.0,,,,2235,2235,0,0,8,0,0,0.0,0,0
36,HC1704.XSGE,hc1704,XSGE,»¦ÈÈÔþ¾í°å1704,2016-06-08,HC,,2235,2235.0,,,,2287,2287,0,0,8,52,52,0.02326622,0,0
37,HC1704.XSGE,hc1704,XSGE,»¦ÈÈÔþ¾í°å1704,2016-06-13,HC,,2287,2287.0,,,,2335,2335,0,0,8,48,48,0.02098819,0,0
38,HC1704.XSGE,hc1704,XSGE,»¦ÈÈÔþ¾í°å1704,2016-06-14,HC,,2335,2335.0,,,,2335,2335,0,0,8,0,0,0.0,0,0
39,HC1704.XSGE,hc1704,XSGE,»¦ÈÈÔþ¾í°å1704,2016-06-15,HC,,2335,2335.0,,,,2335,2335,0,0,8,0,0,0.0,0,0
40,HC1704.XSGE,hc1704,XSGE,»¦ÈÈÔþ¾í°å1704,2016-06-16,HC,,2335,2335.0,,,,2344,2344,0,0,8,9,9,0.00385439,0,0
41,HC1704.XSGE,hc1704,XSGE,»¦ÈÈÔþ¾í°å1704,2016-06-17,HC,,2344,2344.0,,,,2344,2344,0,0,8,0,0,0.0,0,0
42,HC1704.XSGE,hc1704,XSGE,»¦ÈÈÔþ¾í°å1704,2016-06-20,HC,,2344,2344.0,,,,2344,2344,0,0,8,0,0,0.0,0,0
43,HC1704.XSGE,hc1704,XSGE,»¦ÈÈÔþ¾í°å1704,2016-06-21,HC,,2344,2344.0,,,,2354,2354,0,0,8,10,10,0.00426621,0,0
44,HC1704.XSGE,hc1704,XSGE,»¦ÈÈÔþ¾í°å1704,2016-06-22,HC,,2354,2354.0,,,,2354,2354,0,0,8,0,0,0.0,0,0
45,HC1704.XSGE,hc1704,XSGE,»¦ÈÈÔþ¾í°å1704,2016-06-23,HC,,2354,2354.0,,,,2349,2349,0,0,8,-5,-5,-0.00212404,0,0
46,HC1704.XSGE,hc1704,XSGE,»¦ÈÈÔþ¾í°å1704,2016-06-24,HC,,2349,2349.0,,,,2347,2347,0,0,8,-2,-2,-0.00085143,0,0
47,HC1704.XSGE,hc1704,XSGE,»¦ÈÈÔþ¾í°å1704,2016-06-27,HC,,2347,2347.0,2366.0,2366.0,2366.0,2366,2366,4,94640,4,19,19,0.00809544,0,0
48,HC1704.XSGE,hc1704,XSGE,»¦ÈÈÔþ¾í°å1704,2016-06-28,HC,,2366,2366.0,,,,2445,2445,0,0,4,79,79,0.03338969,0,0
49,HC1704.XSGE,hc1704,XSGE,»¦ÈÈÔþ¾í°å1704,2016-06-29,HC,,2445,2445.0,,,,2445,2445,0,0,4,0,0,0.0,0,0
50,HC1704.XSGE,hc1704,XSGE,»¦ÈÈÔþ¾í°å1704,2016-06-30,HC,,2445,2445.0,,,,2445,2445,0,0,4,0,0,0.0,0,0
51,HC1704.XSGE,hc1704,XSGE,»¦ÈÈÔþ¾í°å1704,2016-07-01,HC,,2445,2445.0,,,,2483,2483,0,0,4,38,38,0.01554192,0,0
52,HC1704.XSGE,hc1704,XSGE,»¦ÈÈÔþ¾í°å1704,2016-07-04,HC,,2483,2483.0,,,,2550,2550,0,0,4,67,67,0.02698349,0,0
53,HC1704.XSGE,hc1704,XSGE,»¦ÈÈÔþ¾í°å1704,2016-07-05,HC,,2550,2550.0,,,,2550,2550,0,0,4,0,0,0.0,0,0
54,HC1704.XSGE,hc1704,XSGE,»¦ÈÈÔþ¾í°å1704,2016-07-06,HC,,2550,2550.0,,,,2550,2550,0,0,4,0,0,0.0,0,0
55,HC1704.XSGE,hc1704,XSGE,»¦ÈÈÔþ¾í°å1704,2016-07-07,HC,,2550,2550.0,,,,2550,2550,0,0,4,0,0,0.0,0,0
56,HC1704.XSGE,hc1704,XSGE,»¦ÈÈÔþ¾í°å1704,2016-07-08,HC,,2550,2550.0,,,,2550,2550,0,0,4,0,0,0.0,0,0
57,HC1704.XSGE,hc1704,XSGE,»¦ÈÈÔþ¾í°å1704,2016-07-11,HC,,2550,2550.0,,,,2550,2550,0,0,4,0,0,0.0,0,0
58,HC1704.XSGE,hc1704,XSGE,»¦ÈÈÔþ¾í°å1704,2016-07-12,HC,,2550,2550.0,,,,2618,2618,0,0,4,68,68,0.02666667,0,0
59,HC1704.XSGE,hc1704,XSGE,»¦ÈÈÔþ¾í°å1704,2016-07-13,HC,,2618,2618.0,,,,2618,2618,0,0,4,0,0,0.0,0,0
60,HC1704.XSGE,hc1704,XSGE,»¦ÈÈÔþ¾í°å1704,2016-07-14,HC,,2618,2618.0,,,,2618,2618,0,0,4,0,0,0.0,0,0
61,HC1704.XSGE,hc1704,XSGE,»¦ÈÈÔþ¾í°å1704,2016-07-15,HC,,2618,2618.0,,,,2618,2618,0,0,4,0,0,0.0,0,0
62,HC1704.XSGE,hc1704,XSGE,»¦ÈÈÔþ¾í°å1704,2016-07-18,HC,,2618,2618.0,,,,2529,2529,0,0,4,-89,-89,-0.03399542,0,0
63,HC1704.XSGE,hc1704,XSGE,»¦ÈÈÔþ¾í°å1704,2016-07-19,HC,,2529,2529.0,,,,2431,2431,0,0,4,-98,-98,-0.03875049,0,0
64,HC1704.XSGE,hc1704,XSGE,»¦ÈÈÔþ¾í°å1704,2016-07-20,HC,,2431,2431.0,,,,2431,2431,0,0,4,0,0,0.0,0,0
65,HC1704.XSGE,hc1704,XSGE,»¦ÈÈÔþ¾í°å1704,2016-07-21,HC,,2431,2431.0,,,,2497,2497,0,0,4,66,66,0.02714932,0,0
66,HC1704.XSGE,hc1704,XSGE,»¦ÈÈÔþ¾í°å1704,2016-07-22,HC,,2497,2497.0,,,,2497,2497,0,0,4,0,0,0.0,0,0
67,HC1704.XSGE,hc1704,XSGE,»¦ÈÈÔþ¾í°å1704,2016-07-25,HC,,2497,2497.0,,,,2497,2497,0,0,4,0,0,0.0,0,0
68,HC1704.XSGE,hc1704,XSGE,»¦ÈÈÔþ¾í°å1704,2016-07-26,HC,,2497,2497.0,,,,2513,2513,0,0,4,16,16,0.00640769,0,0
69,HC1704.XSGE,hc1704,XSGE,»¦ÈÈÔþ¾í°å1704,2016-07-27,HC,,2513,2513.0,,,,2577,2577,0,0,4,64,64,0.02546757,0,0
70,HC1704.XSGE,hc1704,XSGE,»¦ÈÈÔþ¾í°å1704,2016-07-28,HC,,2577,2577.0,,,,2625,2625,0,0,4,48,48,0.01862631,0,0
71,HC1704.XSGE,hc1704,XSGE,»¦ÈÈÔþ¾í°å1704,2016-07-29,HC,,2625,2625.0,,,,2616,2616,0,0,4,-9,-9,-0.00342857,0,0
72,HC1704.XSGE,hc1704,XSGE,»¦ÈÈÔþ¾í°å1704,2016-08-01,HC,,2616,2616.0,2724.0,2724.0,2627.0,2659,2677,16,428320,4,43,61,0.01643731,0,0
73,HC1704.XSGE,hc1704,XSGE,»¦ÈÈÔþ¾í°å1704,2016-08-02,HC,,2677,2659.0,,,,2677,2677,0,0,4,0,0,0.0,0,0
74,HC1704.XSGE,hc1704,XSGE,»¦ÈÈÔþ¾í°å1704,2016-08-03,HC,,2677,2677.0,,,,2677,2677,0,0,4,0,0,0.0,0,0
75,HC1704.XSGE,hc1704,XSGE,»¦ÈÈÔþ¾í°å1704,2016-08-04,HC,,2677,2677.0,2620.0,2620.0,2620.0,2620,2620,2,52400,4,-57,-57,-0.02129249,0,0
76,HC1704.XSGE,hc1704,XSGE,»¦ÈÈÔþ¾í°å1704,2016-08-05,HC,,2620,2620.0,,,,2670,2670,0,0,4,50,50,0.01908397,0,0
77,HC1704.XSGE,hc1704,XSGE,»¦ÈÈÔþ¾í°å1704,2016-08-08,HC,,2670,2670.0,,,,2742,2742,0,0,4,72,72,0.02696629,0,0
78,HC1704.XSGE,hc1704,XSGE,»¦ÈÈÔþ¾í°å1704,2016-08-09,HC,,2742,2742.0,,,,2742,2742,0,0,4,0,0,0.0,0,0
79,HC1704.XSGE,hc1704,XSGE,»¦ÈÈÔþ¾í°å1704,2016-08-10,HC,,2742,2742.0,,,,2742,2742,0,0,4,0,0,0.0,0,0
80,HC1704.XSGE,hc1704,XSGE,»¦ÈÈÔþ¾í°å1704,2016-08-11,HC,,2742,2742.0,,,,2742,2742,0,0,4,0,0,0.0,0,0
81,HC1704.XSGE,hc1704,XSGE,»¦ÈÈÔþ¾í°å1704,2016-08-12,HC,,2742,2742.0,,,,2742,2742,0,0,4,0,0,0.0,0,0
82,HC1704.XSGE,hc1704,XSGE,»¦ÈÈÔþ¾í°å1704,2016-08-15,HC,,2742,2742.0,,,,2742,2742,0,0,4,0,0,0.0,0,0
83,HC1704.XSGE,hc1704,XSGE,»¦ÈÈÔþ¾í°å1704,2016-08-16,HC,,2742,2742.0,,,,2742,2742,0,0,4,0,0,0.0,0,0
84,HC1704.XSGE,hc1704,XSGE,»¦ÈÈÔþ¾í°å1704,2016-08-17,HC,,2742,2742.0,,,,2742,2742,0,0,4,0,0,0.0,0,0
85,HC1704.XSGE,hc1704,XSGE,»¦ÈÈÔþ¾í°å1704,2016-08-18,HC,,2742,2742.0,,,,2742,2742,0,0,4,0,0,0.0,0,0
86,HC1704.XSGE,hc1704,XSGE,»¦ÈÈÔþ¾í°å1704,2016-08-19,HC,,2742,2742.0,,,,2742,2742,0,0,4,0,0,0.0,0,0
87,HC1704.XSGE,hc1704,XSGE,»¦ÈÈÔþ¾í°å1704,2016-08-22,HC,,2742,2742.0,,,,2742,2742,0,0,4,0,0,0.0,0,0
88,HC1704.XSGE,hc1704,XSGE,»¦ÈÈÔþ¾í°å1704,2016-08-23,HC,,2742,2742.0,,,,2742,2742,0,0,4,0,0,0.0,0,0
89,HC1704.XSGE,hc1704,XSGE,»¦ÈÈÔþ¾í°å1704,2016-08-24,HC,,2742,2742.0,,,,2764,2764,0,0,4,22,22,0.00802334,0,0
90,HC1704.XSGE,hc1704,XSGE,»¦ÈÈÔþ¾í°å1704,2016-08-25,HC,,2764,2764.0,,,,2764,2764,0,0,4,0,0,0.0,0,0
91,HC1704.XSGE,hc1704,XSGE,»¦ÈÈÔþ¾í°å1704,2016-08-26,HC,,2764,2764.0,,,,2764,2764,0,0,4,0,0,0.0,0,0
92,HC1704.XSGE,hc1704,XSGE,»¦ÈÈÔþ¾í°å1704,2016-08-29,HC,,2764,2764.0,,,,2764,2764,0,0,4,0,0,0.0,0,0
93,HC1704.XSGE,hc1704,XSGE,»¦ÈÈÔþ¾í°å1704,2016-08-30,HC,,2764,2764.0,,,,2761,2761,0,0,4,-3,-3,-0.00108538,0,0
94,HC1704.XSGE,hc1704,XSGE,»¦ÈÈÔþ¾í°å1704,2016-08-31,HC,,2761,2761.0,,,,2717,2717,0,0,4,-44,-44,-0.01593625,0,0
95,HC1704.XSGE,hc1704,XSGE,»¦ÈÈÔþ¾í°å1704,2016-09-01,HC,,2717,2717.0,,,,2684,2684,0,0,4,-33,-33,-0.01214575,0,0
96,HC1704.XSGE,hc1704,XSGE,»¦ÈÈÔþ¾í°å1704,2016-09-02,HC,,2684,2684.0,,,,2684,2684,0,0,4,0,0,0.0,0,0
97,HC1704.XSGE,hc1704,XSGE,»¦ÈÈÔþ¾í°å1704,2016-09-05,HC,,2684,2684.0,,,,2684,2684,0,0,4,0,0,0.0,0,0
98,HC1704.XSGE,hc1704,XSGE,»¦ÈÈÔþ¾í°å1704,2016-09-06,HC,,2684,2684.0,,,,2684,2684,0,0,4,0,0,0.0,0,0
99,HC1704.XSGE,hc1704,XSGE,»¦ÈÈÔþ¾í°å1704,2016-09-07,HC,,2684,2684.0,,,,2615,2615,0,0,4,-69,-69,-0.0257079,0,0
100,HC1704.XSGE,hc1704,XSGE,»¦ÈÈÔþ¾í°å1704,2016-09-08,HC,,2615,2615.0,,,,2615,2615,0,0,4,0,0,0.0,0,0
101,HC1704.XSGE,hc1704,XSGE,»¦ÈÈÔþ¾í°å1704,2016-09-09,HC,,2615,2615.0,,,,2615,2615,0,0,4,0,0,0.0,0,0
102,HC1704.XSGE,hc1704,XSGE,»¦ÈÈÔþ¾í°å1704,2016-09-12,HC,,2615,2615.0,2608.0,2618.0,2536.0,2559,2565,62,1590820,4,-56,-50,-0.02141491,0,0
103,HC1704.XSGE,hc1704,XSGE,»¦ÈÈÔþ¾í°å1704,2016-09-13,HC,,2565,2559.0,2559.0,2559.0,2559.0,2559,2559,2,51180,4,-6,-6,-0.00233918,0,0
104,HC1704.XSGE,hc1704,XSGE,»¦ÈÈÔþ¾í°å1704,2016-09-14,HC,,2559,2559.0,,,,2559,2559,0,0,4,0,0,0.0,0,0
105,HC1704.XSGE,hc1704,XSGE,»¦ÈÈÔþ¾í°å1704,2016-09-19,HC,,2559,2559.0,,,,2547,2547,0,0,4,-12,-12,-0.00468933,0,0
106,HC1704.XSGE,hc1704,XSGE,»¦ÈÈÔþ¾í°å1704,2016-09-20,HC,,2547,2547.0,,,,2547,2547,0,0,4,0,0,0.0,0,0
107,HC1704.XSGE,hc1704,XSGE,»¦ÈÈÔþ¾í°å1704,2016-09-21,HC,,2547,2547.0,,,,2547,2547,0,0,4,0,0,0.0,0,0
108,HC1704.XSGE,hc1704,XSGE,»¦ÈÈÔþ¾í°å1704,2016-09-22,HC,,2547,2547.0,2584.0,2584.0,2572.0,2572,2578,4,103120,4,25,31,0.00981547,0,0
109,HC1704.XSGE,hc1704,XSGE,»¦ÈÈÔþ¾í°å1704,2016-09-23,HC,,2578,2572.0,2596.0,2596.0,2596.0,2596,2596,2,51920,4,18,18,0.00698216,0,0
110,HC1704.XSGE,hc1704,XSGE,»¦ÈÈÔþ¾í°å1704,2016-09-26,HC,,2596,2596.0,,,,2596,2596,0,0,4,0,0,0.0,0,0
111,HC1704.XSGE,hc1704,XSGE,»¦ÈÈÔþ¾í°å1704,2016-09-27,HC,,2596,2596.0,,,,2596,2596,0,0,4,0,0,0.0,0,0
112,HC1704.XSGE,hc1704,XSGE,»¦ÈÈÔþ¾í°å1704,2016-09-28,HC,,2596,2596.0,,,,2596,2596,0,0,4,0,0,0.0,0,0
113,HC1704.XSGE,hc1704,XSGE,»¦ÈÈÔþ¾í°å1704,2016-09-29,HC,,2596,2596.0,,,,2596,2596,0,0,4,0,0,0.0,0,0
114,HC1704.XSGE,hc1704,XSGE,»¦ÈÈÔþ¾í°å1704,2016-09-30,HC,,2596,2596.0,,,,2539,2539,0,0,4,-57,-57,-0.02195686,0,0
115,HC1704.XSGE,hc1704,XSGE,»¦ÈÈÔþ¾í°å1704,2016-10-10,HC,,2539,2539.0,,,,2539,2539,0,0,4,0,0,0.0,0,0
116,HC1704.XSGE,hc1704,XSGE,»¦ÈÈÔþ¾í°å1704,2016-10-11,HC,,2539,2539.0,2639.0,2639.0,2639.0,2639,2639,2,52780,4,100,100,0.03938558,0,0
117,HC1704.XSGE,hc1704,XSGE,»¦ÈÈÔþ¾í°å1704,2016-10-12,HC,,2639,2639.0,,,,2751,2751,0,0,4,112,112,0.04244032,0,0
118,HC1704.XSGE,hc1704,XSGE,»¦ÈÈÔþ¾í°å1704,2016-10-13,HC,,2751,2751.0,,,,2718,2718,0,0,4,-33,-33,-0.01199564,0,0
119,HC1704.XSGE,hc1704,XSGE,»¦ÈÈÔþ¾í°å1704,2016-10-14,HC,,2718,2718.0,,,,2718,2718,0,0,4,0,0,0.0,0,0
120,HC1704.XSGE,hc1704,XSGE,»¦ÈÈÔþ¾í°å1704,2016-10-17,HC,,2718,2718.0,,,,2718,2718,0,0,4,0,0,0.0,0,0
121,HC1704.XSGE,hc1704,XSGE,»¦ÈÈÔþ¾í°å1704,2016-10-18,HC,,2718,2718.0,,,,2718,2718,0,0,4,0,0,0.0,0,0
122,HC1704.XSGE,hc1704,XSGE,»¦ÈÈÔþ¾í°å1704,2016-10-19,HC,,2718,2718.0,,,,2718,2718,0,0,4,0,0,0.0,0,0
123,HC1704.XSGE,hc1704,XSGE,»¦ÈÈÔþ¾í°å1704,2016-10-20,HC,,2718,2718.0,,,,2718,2718,0,0,4,0,0,0.0,0,0
124,HC1704.XSGE,hc1704,XSGE,»¦ÈÈÔþ¾í°å1704,2016-10-21,HC,,2718,2718.0,,,,2714,2714,0,0,4,-4,-4,-0.00147167,0,0
125,HC1704.XSGE,hc1704,XSGE,»¦ÈÈÔþ¾í°å1704,2016-10-24,HC,,2714,2714.0,,,,2731,2731,0,0,4,17,17,0.00626382,0,0
126,HC1704.XSGE,hc1704,XSGE,»¦ÈÈÔþ¾í°å1704,2016-10-25,HC,,2731,2731.0,,,,2813,2813,0,0,4,82,82,0.03002563,0,0
127,HC1704.XSGE,hc1704,XSGE,»¦ÈÈÔþ¾í°å1704,2016-10-26,HC,,2813,2813.0,2825.0,2825.0,2825.0,2825,2825,2,56500,4,12,12,0.00426591,0,0
128,HC1704.XSGE,hc1704,XSGE,»¦ÈÈÔþ¾í°å1704,2016-10-27,HC,,2825,2825.0,,,,2825,2825,0,0,4,0,0,0.0,0,0
129,HC1704.XSGE,hc1704,XSGE,»¦ÈÈÔþ¾í°å1704,2016-10-28,HC,,2825,2825.0,,,,2825,2825,0,0,4,0,0,0.0,0,0
130,HC1704.XSGE,hc1704,XSGE,»¦ÈÈÔþ¾í°å1704,2016-10-31,HC,,2825,2825.0,2839.0,2839.0,2839.0,2839,2839,2,56780,4,14,14,0.00495575,0,0
131,HC1704.XSGE,hc1704,XSGE,»¦ÈÈÔþ¾í°å1704,2016-11-01,HC,,2839,2839.0,,,,2839,2839,0,0,4,0,0,0.0,0,0
132,HC1704.XSGE,hc1704,XSGE,»¦ÈÈÔþ¾í°å1704,2016-11-02,HC,,2839,2839.0,3004.0,3004.0,3004.0,3004,3004,2,60080,4,165,165,0.05811906,0,0
133,HC1704.XSGE,hc1704,XSGE,»¦ÈÈÔþ¾í°å1704,2016-11-03,HC,,3004,3004.0,3000.0,3000.0,3000.0,3000,3000,2,60000,2,-4,-4,-0.00133156,0,0
134,HC1704.XSGE,hc1704,XSGE,»¦ÈÈÔþ¾í°å1704,2016-11-04,HC,,3000,3000.0,,,,2935,2935,0,0,2,-65,-65,-0.02166667,0,0
135,HC1704.XSGE,hc1704,XSGE,»¦ÈÈÔþ¾í°å1704,2016-11-07,HC,,2935,2935.0,,,,3108,3108,0,0,2,173,173,0.05894378,0,0
136,HC1704.XSGE,hc1704,XSGE,»¦ÈÈÔþ¾í°å1704,2016-11-08,HC,,3108,3108.0,,,,3108,3108,0,0,2,0,0,0.0,0,0
137,HC1704.XSGE,hc1704,XSGE,»¦ÈÈÔþ¾í°å1704,2016-11-09,HC,,3108,3108.0,,,,3293,3293,0,0,2,185,185,0.05952381,0,0
138,HC1704.XSGE,hc1704,XSGE,»¦ÈÈÔþ¾í°å1704,2016-11-10,HC,,3293,3293.0,,,,3356,3356,0,0,2,63,63,0.01913149,0,0
139,HC1704.XSGE,hc1704,XSGE,»¦ÈÈÔþ¾í°å1704,2016-11-11,HC,,3356,3356.0,,,,3265,3265,0,0,2,-91,-91,-0.02711561,0,0
140,HC1704.XSGE,hc1704,XSGE,»¦ÈÈÔþ¾í°å1704,2016-11-14,HC,,3265,3265.0,3188.0,3324.0,3188.0,3324,3256,4,130240,2,59,-9,0.01807044,0,0
141,HC1704.XSGE,hc1704,XSGE,»¦ÈÈÔþ¾í°å1704,2016-11-15,HC,,3256,3324.0,,,,3162,3162,0,0,2,-94,-94,-0.02886978,0,0
142,HC1704.XSGE,hc1704,XSGE,»¦ÈÈÔþ¾í°å1704,2016-11-16,HC,L4,3162,3162.0,,,,2972,2972,0,0,2,-190,-190,-0.06008855,0,0
143,HC1704.XSGE,hc1704,XSGE,»¦ÈÈÔþ¾í°å1704,2016-11-17,HC,L4,2972,2972.0,,,,2981,2981,0,0,2,9,9,0.00302826,0,0
144,HC1704.XSGE,hc1704,XSGE,»¦ÈÈÔþ¾í°å1704,2016-11-18,HC,L4,2981,2981.0,,,,2984,2984,0,0,2,3,3,0.00100637,0,0
145,HC1704.XSGE,hc1704,XSGE,»¦ÈÈÔþ¾í°å1704,2016-11-21,HC,L4,2984,2984.0,,,,2924,2924,0,0,2,-60,-60,-0.02010724,0,0
146,HC1704.XSGE,hc1704,XSGE,»¦ÈÈÔþ¾í°å1704,2016-11-22,HC,L4,2924,2924.0,,,,3049,3049,0,0,2,125,125,0.04274966,0,0
147,HC1704.XSGE,hc1704,XSGE,»¦ÈÈÔþ¾í°å1704,2016-11-23,HC,L4,3049,3049.0,,,,3212,3212,0,0,2,163,163,0.05346015,0,0
148,HC1704.XSGE,hc1704,XSGE,»¦ÈÈÔþ¾í°å1704,2016-11-24,HC,L4,3212,3212.0,3404.0,3404.0,3379.0,3379,3391,4,135660,2,167,179,0.05199253,0,0
149,HC1704.XSGE,hc1704,XSGE,»¦ÈÈÔþ¾í°å1704,2016-11-25,HC,L4,3391,3379.0,,,,3607,3607,0,0,2,216,216,0.06369802,0,0
150,HC1704.XSGE,hc1704,XSGE,»¦ÈÈÔþ¾í°å1704,2016-11-28,HC,L4,3607,3607.0,,,,3607,3607,0,0,2,0,0,0.0,0,0
151,HC1704.XSGE,hc1704,XSGE,»¦ÈÈÔþ¾í°å1704,2016-11-29,HC,L4,3607,3607.0,,,,3565,3565,0,0,2,-42,-42,-0.01164403,0,0
152,HC1704.XSGE,hc1704,XSGE,»¦ÈÈÔþ¾í°å1704,2016-11-30,HC,L4,3565,3565.0,,,,3438,3438,0,0,2,-127,-127,-0.03562412,0,0
153,HC1704.XSGE,hc1704,XSGE,»¦ÈÈÔþ¾í°å1704,2016-12-01,HC,L4,3438,3438.0,,,,3527,3527,0,0,2,89,89,0.02588714,0,0
154,HC1704.XSGE,hc1704,XSGE,»¦ÈÈÔþ¾í°å1704,2016-12-02,HC,L4,3527,3527.0,,,,3616,3616,0,0,2,89,89,0.02523391,0,0
155,HC1704.XSGE,hc1704,XSGE,»¦ÈÈÔþ¾í°å1704,2016-12-05,HC,L4,3616,3616.0,,,,3639,3639,0,0,2,23,23,0.00636062,0,0
156,HC1704.XSGE,hc1704,XSGE,»¦ÈÈÔþ¾í°å1704,2016-12-06,HC,L4,3639,3639.0,,,,3728,3728,0,0,2,89,89,0.02445727,0,0
157,HC1704.XSGE,hc1704,XSGE,»¦ÈÈÔþ¾í°å1704,2016-12-07,HC,L4,3728,3728.0,,,,3668,3668,0,0,2,-60,-60,-0.01609442,0,0
158,HC1704.XSGE,hc1704,XSGE,»¦ÈÈÔþ¾í°å1704,2016-12-08,HC,L4,3668,3668.0,3797.0,3797.0,3797.0,3797,3797,4,151880,2,129,129,0.03516903,0,0
159,HC1704.XSGE,hc1704,XSGE,»¦ÈÈÔþ¾í°å1704,2016-12-09,HC,L4,3797,3797.0,,,,3765,3765,0,0,2,-32,-32,-0.00842771,0,0
160,HC1704.XSGE,hc1704,XSGE,»¦ÈÈÔþ¾í°å1704,2016-12-12,HC,L4,3765,3765.0,,,,3899,3899,0,0,2,134,134,0.03559097,0,0
161,HC1704.XSGE,hc1704,XSGE,»¦ÈÈÔþ¾í°å1704,2016-12-13,HC,L4,3899,3899.0,,,,3905,3905,0,0,2,6,6,0.00153886,0,0
162,HC1704.XSGE,hc1704,XSGE,»¦ÈÈÔþ¾í°å1704,2016-12-14,HC,L4,3905,3905.0,3842.0,3842.0,3842.0,3842,3842,2,76840,2,-63,-63,-0.01613316,0,0
163,HC1704.XSGE,hc1704,XSGE,»¦ÈÈÔþ¾í°å1704,2016-12-15,HC,L4,3842,3842.0,,,,3839,3839,0,0,2,-3,-3,-0.00078084,0,0
164,HC1704.XSGE,hc1704,XSGE,»¦ÈÈÔþ¾í°å1704,2016-12-16,HC,L3,3839,3839.0,3841.0,3841.0,3721.0,3721,3767,6,226040,2,-118,-72,-0.03073717,0,0
165,HC1704.XSGE,hc1704,XSGE,»¦ÈÈÔþ¾í°å1704,2016-12-19,HC,L3,3767,3721.0,3622.0,3753.0,3622.0,3654,3680,10,368080,0,-113,-87,-0.02999735,0,0
166,HC1704.XSGE,hc1704,XSGE,»¦ÈÈÔþ¾í°å1704,2016-12-20,HC,L3,3680,3654.0,,,,3494,3494,0,0,0,-186,-186,-0.05054348,0,0
167,HC1704.XSGE,hc1704,XSGE,»¦ÈÈÔþ¾í°å1704,2016-12-21,HC,L3,3494,3494.0,,,,3504,3504,0,0,0,10,10,0.00286205,0,0
168,HC1704.XSGE,hc1704,XSGE,»¦ÈÈÔþ¾í°å1704,2016-12-22,HC,L3,3504,3504.0,,,,3458,3458,0,0,0,-46,-46,-0.01312785,0,0
169,HC1704.XSGE,hc1704,XSGE,»¦ÈÈÔþ¾í°å1704,2016-12-23,HC,L3,3458,3458.0,,,,3458,3458,0,0,0,0,0,0.0,0,0
170,HC1704.XSGE,hc1704,XSGE,»¦ÈÈÔþ¾í°å1704,2016-12-26,HC,L3,3458,3458.0,,,,3387,3387,0,0,0,-71,-71,-0.0205321,0,0
171,HC1704.XSGE,hc1704,XSGE,»¦ÈÈÔþ¾í°å1704,2016-12-27,HC,L3,3387,3387.0,,,,3387,3387,0,0,0,0,0,0.0,0,0
172,HC1704.XSGE,hc1704,XSGE,»¦ÈÈÔþ¾í°å1704,2016-12-28,HC,L3,3387,3387.0,,,,3387,3387,0,0,0,0,0,0.0,0,0
173,HC1704.XSGE,hc1704,XSGE,»¦ÈÈÔþ¾í°å1704,2016-12-29,HC,L3,3387,3387.0,,,,3367,3367,0,0,0,-20,-20,-0.00590493,0,0
174,HC1704.XSGE,hc1704,XSGE,»¦ÈÈÔþ¾í°å1704,2016-12-30,HC,L3,3367,3367.0,,,,3372,3372,0,0,0,5,5,0.001485,0,0
175,HC1704.XSGE,hc1704,XSGE,»¦ÈÈÔþ¾í°å1704,2017-01-03,HC,L3,3372,3372.0,3286.0,3399.0,3286.0,3399,3342,8,267400,0,27,-30,0.00800712,0,0
176,HC1704.XSGE,hc1704,XSGE,»¦ÈÈÔþ¾í°å1704,2017-01-04,HC,L3,3342,3399.0,,,,3342,3342,0,0,0,0,0,0.0,0,0
177,HC1704.XSGE,hc1704,XSGE,»¦ÈÈÔþ¾í°å1704,2017-01-05,HC,L3,3342,3342.0,,,,3342,3342,0,0,0,0,0,0.0,0,0
178,HC1704.XSGE,hc1704,XSGE,»¦ÈÈÔþ¾í°å1704,2017-01-06,HC,L3,3342,3342.0,,,,3342,3342,0,0,0,0,0,0.0,0,0
179,HC1704.XSGE,hc1704,XSGE,»¦ÈÈÔþ¾í°å1704,2017-01-09,HC,L3,3342,3342.0,,,,3342,3342,0,0,0,0,0,0.0,0,0
180,HC1704.XSGE,hc1704,XSGE,»¦ÈÈÔþ¾í°å1704,2017-01-10,HC,L3,3342,3342.0,,,,3357,3357,0,0,0,15,15,0.00448833,0,0
181,HC1704.XSGE,hc1704,XSGE,»¦ÈÈÔþ¾í°å1704,2017-01-11,HC,L3,3357,3357.0,,,,3427,3427,0,0,0,70,70,0.02085195,0,0
182,HC1704.XSGE,hc1704,XSGE,»¦ÈÈÔþ¾í°å1704,2017-01-12,HC,L3,3427,3427.0,,,,3418,3418,0,0,0,-9,-9,-0.0026262,0,0
183,HC1704.XSGE,hc1704,XSGE,»¦ÈÈÔþ¾í°å1704,2017-01-13,HC,L3,3418,3418.0,,,,3403,3403,0,0,0,-15,-15,-0.00438853,0,0
184,HC1704.XSGE,hc1704,XSGE,»¦ÈÈÔþ¾í°å1704,2017-01-16,HC,L3,3403,3403.0,,,,3640,3640,0,0,0,237,237,0.06964443,0,0
185,HC1704.XSGE,hc1704,XSGE,»¦ÈÈÔþ¾í°å1704,2017-01-17,HC,L2,3640,3640.0,3718.0,3718.0,3718.0,3718,3718,40,1487200,40,78,78,0.02142857,0,0
186,HC1704.XSGE,hc1704,XSGE,»¦ÈÈÔþ¾í°å1704,2017-01-18,HC,L2,3718,3718.0,,,,3718,3718,0,0,40,0,0,0.0,0,0
187,HC1704.XSGE,hc1704,XSGE,»¦ÈÈÔþ¾í°å1704,2017-01-19,HC,L2,3718,3718.0,,,,3718,3718,0,0,40,0,0,0.0,0,0
188,HC1704.XSGE,hc1704,XSGE,»¦ÈÈÔþ¾í°å1704,2017-01-20,HC,L2,3718,3718.0,3488.0,3488.0,3488.0,3488,3488,4,139520,40,-230,-230,-0.06186122,0,0
189,HC1704.XSGE,hc1704,XSGE,»¦ÈÈÔþ¾í°å1704,2017-01-23,HC,L2,3488,3488.0,3449.0,3449.0,3449.0,3449,3449,36,1241640,4,-39,-39,-0.01118119,0,0
190,HC1704.XSGE,hc1704,XSGE,»¦ÈÈÔþ¾í°å1704,2017-01-24,HC,L2,3449,3449.0,,,,3350,3350,0,0,4,-99,-99,-0.02870397,0,0
191,HC1704.XSGE,hc1704,XSGE,»¦ÈÈÔþ¾í°å1704,2017-01-25,HC,L2,3350,3350.0,3506.0,3538.0,3502.0,3532,3515,12,421800,6,182,165,0.05432836,0,0
192,HC1704.XSGE,hc1704,XSGE,»¦ÈÈÔþ¾í°å1704,2017-01-26,HC,L2,3515,3532.0,,,,3485,3485,0,0,6,-30,-30,-0.00853485,0,0
193,HC1704.XSGE,hc1704,XSGE,»¦ÈÈÔþ¾í°å1704,2017-02-03,HC,L2,3485,3485.0,3503.0,3503.0,3470.0,3481,3491,10,349160,4,-4,6,-0.00114778,0,0
194,HC1704.XSGE,hc1704,XSGE,»¦ÈÈÔþ¾í°å1704,2017-02-06,HC,L2,3491,3481.0,,,,3491,3491,0,0,4,0,0,0.0,0,0
195,HC1704.XSGE,hc1704,XSGE,»¦ÈÈÔþ¾í°å1704,2017-02-07,HC,L2,3491,3491.0,,,,3491,3491,0,0,4,0,0,0.0,0,0
196,HC1704.XSGE,hc1704,XSGE,»¦ÈÈÔþ¾í°å1704,2017-02-08,HC,L2,3491,3491.0,,,,3734,3734,0,0,4,243,243,0.06960756,0,0
197,HC1704.XSGE,hc1704,XSGE,»¦ÈÈÔþ¾í°å1704,2017-02-09,HC,L2,3734,3734.0,,,,3842,3842,0,0,4,108,108,0.02892341,0,0
198,HC1704.XSGE,hc1704,XSGE,»¦ÈÈÔþ¾í°å1704,2017-02-10,HC,L2,3842,3842.0,,,,3842,3842,0,0,4,0,0,0.0,0,0
199,HC1704.XSGE,hc1704,XSGE,»¦ÈÈÔþ¾í°å1704,2017-02-13,HC,L2,3842,3842.0,,,,3842,3842,0,0,4,0,0,0.0,0,0
200,HC1704.XSGE,hc1704,XSGE,»¦ÈÈÔþ¾í°å1704,2017-02-14,HC,L2,3842,3842.0,,,,3842,3842,0,0,4,0,0,0.0,0,0
201,HC1704.XSGE,hc1704,XSGE,»¦ÈÈÔþ¾í°å1704,2017-02-15,HC,L2,3842,3842.0,3586.0,3754.0,3586.0,3754,3670,4,146800,2,-88,-172,-0.02290474,0,0
202,HC1704.XSGE,hc1704,XSGE,»¦ÈÈÔþ¾í°å1704,2017-02-16,HC,L1,3670,3754.0,,,,3670,3670,0,0,2,0,0,0.0,0,0
203,HC1704.XSGE,hc1704,XSGE,»¦ÈÈÔþ¾í°å1704,2017-02-17,HC,L1,3670,3670.0,,,,3728,3728,0,0,2,58,58,0.01580381,0,0
204,HC1704.XSGE,hc1704,XSGE,»¦ÈÈÔþ¾í°å1704,2017-02-20,HC,L1,3728,3728.0,,,,3728,3728,0,0,2,0,0,0.0,0,0
205,HC1704.XSGE,hc1704,XSGE,»¦ÈÈÔþ¾í°å1704,2017-02-21,HC,L1,3728,3728.0,,,,3728,3728,0,0,2,0,0,0.0,0,0
206,HC1704.XSGE,hc1704,XSGE,»¦ÈÈÔþ¾í°å1704,2017-02-22,HC,L1,3728,3728.0,,,,3728,3728,0,0,2,0,0,0.0,0,0
207,HC1704.XSGE,hc1704,XSGE,»¦ÈÈÔþ¾í°å1704,2017-02-23,HC,L1,3728,3728.0,,,,3728,3728,0,0,2,0,0,0.0,0,0
208,HC1704.XSGE,hc1704,XSGE,»¦ÈÈÔþ¾í°å1704,2017-02-24,HC,L1,3728,3728.0,,,,3728,3728,0,0,2,0,0,0.0,0,0
209,HC1704.XSGE,hc1704,XSGE,»¦ÈÈÔþ¾í°å1704,2017-02-27,HC,L1,3728,3728.0,,,,3728,3728,0,0,2,0,0,0.0,0,0
210,HC1704.XSGE,hc1704,XSGE,»¦ÈÈÔþ¾í°å1704,2017-02-28,HC,L1,3728,3728.0,,,,3725,3725,0,0,2,-3,-3,-0.00080472,0,0
211,HC1704.XSGE,hc1704,XSGE,»¦ÈÈÔþ¾í°å1704,2017-03-01,HC,L1,3725,3725.0,,,,3725,3725,0,0,2,0,0,0.0,0,0
212,HC1704.XSGE,hc1704,XSGE,»¦ÈÈÔþ¾í°å1704,2017-03-02,HC,L1,3725,3725.0,,,,3725,3725,0,0,2,0,0,0.0,0,0
213,HC1704.XSGE,hc1704,XSGE,»¦ÈÈÔþ¾í°å1704,2017-03-03,HC,L1,3725,3725.0,3474.0,3566.0,3474.0,3566,3517,22,773860,0,-159,-208,-0.04268456,0,0
214,HC1704.XSGE,hc1704,XSGE,»¦ÈÈÔþ¾í°å1704,2017-03-06,HC,L1,3517,3566.0,,,,3517,3517,0,0,0,0,0,0.0,0,0
215,HC1704.XSGE,hc1704,XSGE,»¦ÈÈÔþ¾í°å1704,2017-03-07,HC,L1,3517,3517.0,,,,3517,3517,0,0,0,0,0,0.0,0,0
216,HC1704.XSGE,hc1704,XSGE,»¦ÈÈÔþ¾í°å1704,2017-03-08,HC,L1,3517,3517.0,,,,3517,3517,0,0,0,0,0,0.0,0,0
217,HC1704.XSGE,hc1704,XSGE,»¦ÈÈÔþ¾í°å1704,2017-03-09,HC,L1,3517,3517.0,,,,3517,3517,0,0,0,0,0,0.0,0,0
218,HC1704.XSGE,hc1704,XSGE,»¦ÈÈÔþ¾í°å1704,2017-03-10,HC,L1,3517,3517.0,,,,3517,3517,0,0,0,0,0,0.0,0,0
